Id,RegistrationDate,ExpirationDate
1,2024-04-19,2024-06-09
2,2025-01-04,2025-01-21
3,2024-04-28,2024-04-08
4,2024-10-19,2024-11-20
5,2025-02-04,2024-05-25
6,2024-05-14,2024-10-01
7,2024-09-30,2024-10-01
8,2024-11-05,2024-04-26
9,2024-10-11,2025-02-26
10,2024-11-02,2024-04-19
11,2024-04-18,2024-10-06
12,2024-11-19,2024-08-25
13,2024-09-02,2024-04-28
14,2024-10-13,2025-01-21
15,2025-01-06,2024-10-16
16,2024-05-28,2024-12-30
17,2024-05-30,2024-09-30
18,2024-05-05,2024-11-07
19,2024-07-29,2024-10-02
20,2024-11-15,2024-07-09
21,2024-07-21,2024-11-06
22,2024-06-08,2025-01-12
23,2024-11-24,2024-11-15
24,2024-09-13,2024-09-22
25,2024-11-05,2024-11-25
26,2024-05-07,2025-01-25
27,2024-05-22,2024-10-01
28,2024-11-03,2025-01-06
29,2024-07-22,2024-06-04
30,2024-07-28,2024-12-20
31,2025-02-28,2024-05-26
32,2025-01-05,2025-02-13
33,2024-08-21,2024-09-08
34,2025-02-04,2024-06-01
35,2024-05-29,2024-04-15
36,2024-04-16,2025-01-26
37,2024-05-10,2025-03-03
38,2024-11-11,2024-06-20
39,2024-11-15,2024-11-04
40,2024-08-01,2025-03-18
41,2024-05-25,2024-04-30
42,2024-11-23,2024-04-03
43,2024-09-15,2025-03-21
44,2025-02-24,2025-02-03
45,2025-01-05,2025-02-10
46,2025-01-19,2025-01-13
47,2024-08-15,2024-04-04
48,2024-05-22,2024-10-20
49,2024-12-11,2024-09-25
50,2024-10-05,2025-02-05
51,2025-02-21,2024-09-16
52,2025-03-06,2025-03-08
53,2024-11-16,2025-02-10
54,2024-07-20,2024-09-25
55,2024-11-11,2024-12-27
56,2024-09-14,2024-10-05
57,2024-04-09,2024-07-27
58,2024-06-30,2024-08-24
59,2025-01-25,2024-11-01
60,2025-02-10,2025-02-01
61,2024-09-01,2025-02-19
62,2025-02-11,2025-01-24
63,2025-03-19,2024-09-06
64,2024-07-23,2024-10-10
65,2024-07-26,2024-08-29
66,2024-08-31,2024-11-17
67,2024-05-02,2024-07-10
68,2024-07-11,2024-07-23
69,2024-04-24,2024-05-15
70,2025-03-18,2024-09-22
71,2024-10-27,2024-05-26
72,2024-05-05,2024-08-09
73,2024-08-24,2025-01-24
74,2024-11-20,2024-08-06
75,2024-10-20,2024-12-11
76,2024-08-23,2025-01-20
77,2024-09-17,2025-01-30
78,2025-02-15,2024-12-09
79,2024-12-30,2024-05-30
80,2025-03-23,2024-05-04
81,2024-12-05,2024-11-09
82,2024-04-10,2025-03-29
83,2024-06-18,2025-01-11
84,2024-05-27,2024-09-21
85,2024-07-03,2024-05-20
86,2024-05-28,2024-05-05
87,2024-10-17,2024-07-26
88,2025-03-10,2025-01-28
89,2024-06-18,2024-05-08
90,2024-07-06,2024-04-04
91,2025-02-14,2024-11-09
92,2024-06-25,2024-06-01
93,2024-05-18,2024-09-15
94,2024-10-09,2024-06-02
95,2025-03-18,2024-10-25
96,2025-01-23,2025-02-07
97,2024-04-27,2024-06-08
98,2025-01-07,2024-07-11
99,2024-06-05,2024-12-13
100,2024-07-26,2024-11-16
101,2024-05-19,2025-01-23
102,2025-01-02,2024-07-04
103,2024-05-01,2024-09-21
104,2025-02-16,2025-01-06
105,2024-03-31,2025-02-23
106,2024-05-09,2024-12-23
107,2024-09-28,2024-09-15
108,2024-05-07,2024-07-04
109,2025-01-25,2024-06-30
110,2024-10-02,2024-06-21
111,2024-05-13,2024-08-21
112,2024-10-05,2024-10-08
113,2025-03-29,2024-04-01
114,2025-02-09,2024-06-19
115,2024-08-01,2025-02-15
116,2024-04-01,2024-04-28
117,2024-09-19,2024-09-24
118,2024-08-25,2024-06-02
119,2025-01-27,2024-07-06
120,2025-02-17,2024-04-13
121,2024-09-23,2024-05-11
122,2024-08-08,2024-08-03
123,2024-12-25,2024-05-18
124,2025-03-04,2025-03-05
125,2024-05-08,2024-09-25
126,2024-04-07,2025-02-24
127,2024-07-16,2024-06-22
128,2024-06-17,2024-09-20
129,2024-09-04,2025-03-05
130,2024-04-13,2025-03-20
131,2025-01-17,2024-08-05
132,2024-04-16,2024-12-15
133,2025-03-23,2025-03-08
134,2024-12-16,2024-10-11
135,2025-01-23,2024-08-21
136,2024-04-20,2024-12-11
137,2024-12-25,2024-06-10
138,2024-05-07,2024-12-26
139,2024-12-01,2024-11-17
140,2024-07-13,2025-01-12
141,2025-01-01,2024-06-11
142,2024-05-01,2025-03-30
143,2024-05-19,2025-01-16
144,2024-06-11,2024-10-08
145,2024-05-03,2024-11-08
146,2024-08-17,2024-06-19
147,2024-11-01,2025-03-06
148,2024-09-21,2024-11-14
149,2024-06-05,2024-05-15
150,2024-06-02,2024-10-30
151,2024-08-02,2024-10-13
152,2024-09-28,2024-04-24
153,2024-10-27,2024-05-07
154,2024-09-15,2024-11-24
155,2024-06-23,2025-02-09
156,2024-10-19,2024-06-05
157,2025-03-22,2024-04-23
158,2024-10-09,2024-09-10
159,2024-06-02,2024-04-20
160,2024-09-11,2025-02-09
161,2024-12-25,2024-04-07
162,2024-11-23,2025-01-04
163,2024-05-23,2024-10-21
164,2024-12-13,2024-10-11
165,2025-02-26,2024-11-21
166,2025-02-20,2025-02-28
167,2024-11-19,2024-08-06
168,2025-03-07,2025-03-01
169,2025-03-13,2024-10-14
170,2024-12-24,2024-07-27
171,2025-01-27,2025-03-21
172,2025-02-02,2024-07-18
173,2024-05-08,2024-06-28
174,2024-10-13,2024-09-17
175,2024-11-10,2024-06-22
176,2024-06-12,2025-01-17
177,2025-02-21,2024-06-26
178,2024-04-09,2024-12-31
179,2024-04-24,2024-09-16
180,2024-11-27,2025-03-12
181,2025-01-01,2024-10-24
182,2024-09-04,2024-06-17
183,2024-04-19,2024-09-15
184,2024-12-28,2024-08-25
185,2024-09-03,2024-12-19
186,2024-10-04,2024-07-02
187,2024-11-17,2024-07-17
188,2025-01-24,2025-03-06
189,2024-07-08,2025-02-10
190,2024-11-24,2024-08-09
191,2024-07-05,2024-11-26
192,2024-11-15,2024-05-29
193,2025-02-26,2025-02-11
194,2024-08-28,2024-04-28
195,2024-05-15,2024-06-04
196,2025-03-09,2025-01-20
197,2024-10-22,2024-10-24
198,2024-12-31,2024-05-14
199,2025-02-07,2024-05-20
200,2024-08-28,2024-11-09
201,2025-03-20,2024-09-19
202,2024-05-28,2024-08-30
203,2024-09-24,2024-10-09
204,2024-05-14,2024-04-22
205,2024-10-05,2024-04-23
206,2024-07-02,2024-06-06
207,2024-11-01,2025-02-08
208,2024-10-04,2024-04-19
209,2024-07-07,2024-07-04
210,2024-09-29,2025-03-12
211,2024-12-05,2024-10-04
212,2024-05-29,2025-01-13
213,2024-09-25,2024-08-29
214,2024-06-28,2024-06-01
215,2024-06-15,2024-08-04
216,2024-05-26,2024-08-17
217,2024-11-26,2024-08-23
218,2025-02-01,2024-12-20
219,2024-12-26,2024-07-21
220,2024-06-18,2024-07-05
221,2024-09-11,2024-12-14
222,2024-08-21,2025-03-03
223,2024-06-19,2024-12-31
224,2024-04-17,2024-08-17
225,2024-11-02,2024-05-12
226,2024-12-15,2025-02-22
227,2024-08-07,2024-11-28
228,2024-12-04,2024-12-06
229,2024-10-27,2024-10-26
230,2024-07-31,2024-08-17
231,2024-11-13,2024-09-21
232,2024-04-09,2024-07-04
233,2024-11-23,2024-07-18
234,2024-11-10,2025-01-24
235,2025-01-18,2024-11-24
236,2024-04-05,2025-03-13
237,2024-12-21,2024-09-12
238,2025-03-04,2024-10-20
239,2024-12-02,2024-11-04
240,2024-07-27,2025-02-11
241,2024-06-25,2024-07-11
242,2024-07-10,2024-11-21
243,2025-01-31,2024-04-28
244,2024-07-02,2024-07-09
245,2024-07-06,2024-07-18
246,2025-03-07,2024-05-04
247,2025-03-01,2024-10-22
248,2024-09-21,2024-09-06
249,2024-06-13,2024-07-01
250,2024-10-03,2025-01-05
251,2024-07-27,2024-06-06
252,2025-02-20,2024-07-10
253,2024-08-12,2025-02-25
254,2024-07-30,2024-12-21
255,2024-06-14,2025-02-02
256,2024-06-26,2024-09-29
257,2024-09-22,2024-11-12
258,2024-10-26,2024-04-11
259,2024-12-28,2024-07-23
260,2024-07-27,2024-05-07
261,2024-10-21,2024-11-12
262,2025-02-21,2024-10-17
263,2024-08-02,2025-02-13
264,2024-08-09,2024-06-09
265,2024-06-02,2024-06-13
266,2024-04-28,2025-03-06
267,2024-12-07,2024-12-20
268,2024-11-28,2024-08-04
269,2024-06-11,2024-09-12
270,2024-10-12,2025-02-04
271,2025-01-20,2024-04-28
272,2024-10-31,2024-05-13
273,2024-04-06,2024-04-28
274,2024-11-18,2024-12-25
275,2024-06-04,2024-05-05
276,2025-02-28,2024-08-09
277,2025-03-15,2024-05-19
278,2024-08-28,2024-04-08
279,2025-02-06,2024-07-21
280,2024-09-03,2024-08-10
281,2024-04-18,2025-02-23
282,2024-11-14,2024-06-12
283,2024-12-03,2024-11-30
284,2024-09-19,2024-12-23
285,2024-11-28,2024-10-27
286,2024-04-03,2024-11-22
287,2024-10-07,2024-07-29
288,2024-11-28,2024-07-28
289,2025-01-14,2024-08-07
290,2025-03-02,2024-11-01
291,2024-09-14,2025-01-12
292,2025-02-14,2024-08-15
293,2024-09-05,2024-04-09
294,2024-11-28,2024-11-07
295,2024-05-14,2024-12-24
296,2024-12-11,2024-05-30
297,2025-01-15,2025-02-20
298,2024-07-02,2024-06-06
299,2024-11-02,2024-06-01
300,2024-06-06,2024-08-18
301,2025-03-22,2024-11-23
302,2024-12-30,2024-09-08
303,2024-10-31,2025-01-22
304,2024-12-01,2024-07-26
305,2025-02-12,2024-12-13
306,2025-02-14,2025-02-17
307,2024-09-14,2024-05-19
308,2024-09-14,2024-12-24
309,2025-02-20,2024-05-31
310,2024-12-19,2025-03-09
311,2024-06-21,2025-03-25
312,2025-02-27,2024-07-22
313,2024-08-05,2024-07-25
314,2024-08-15,2024-12-07
315,2025-01-09,2024-05-08
316,2024-06-07,2024-10-29
317,2024-10-25,2024-06-10
318,2024-07-04,2024-08-08
319,2024-12-28,2024-07-07
320,2024-09-06,2024-04-07
321,2024-06-29,2024-06-23
322,2025-02-10,2024-09-11
323,2024-12-06,2024-06-23
324,2024-11-18,2024-04-15
325,2024-07-11,2024-12-26
326,2024-10-22,2024-06-27
327,2024-05-18,2024-11-12
328,2025-02-15,2024-12-20
329,2024-10-24,2024-05-07
330,2024-05-18,2025-01-01
331,2024-12-07,2024-08-21
332,2025-03-05,2025-02-06
333,2024-05-26,2024-05-24
334,2025-02-08,2025-03-20
335,2024-05-04,2024-12-11
336,2025-01-11,2024-07-09
337,2024-05-03,2024-05-18
338,2024-11-22,2024-06-22
339,2024-08-02,2025-02-26
340,2024-12-26,2024-08-31
341,2024-11-02,2025-02-05
342,2024-10-21,2024-11-01
343,2025-01-22,2024-11-18
344,2024-10-02,2024-11-01
345,2024-07-24,2024-12-08
346,2024-08-20,2025-02-01
347,2024-09-24,2024-05-31
348,2024-07-14,2024-05-12
349,2024-10-05,2024-08-30
350,2024-08-14,2024-05-31
351,2024-07-05,2024-05-29
352,2025-01-21,2024-06-12
353,2024-07-31,2024-07-04
354,2024-11-19,2024-08-12
355,2024-10-27,2024-05-12
356,2024-10-16,2025-01-10
357,2024-10-29,2024-07-18
358,2024-06-02,2024-09-01
359,2024-06-03,2024-12-17
360,2025-03-28,2024-10-27
361,2024-09-15,2025-01-04
362,2025-02-03,2025-01-08
363,2024-07-06,2024-06-09
364,2024-06-21,2024-07-14
365,2024-10-28,2024-08-22
366,2024-10-27,2025-03-02
367,2024-08-11,2024-08-02
368,2025-03-25,2024-09-18
369,2024-05-18,2024-04-04
370,2024-10-02,2024-04-28
371,2025-03-05,2024-07-11
372,2024-11-29,2024-09-03
373,2025-02-19,2024-04-05
374,2025-02-21,2024-06-13
375,2024-10-02,2024-07-30
376,2024-06-06,2024-12-27
377,2024-06-02,2025-02-23
378,2024-09-20,2025-01-18
379,2024-06-29,2024-08-24
380,2024-09-11,2024-08-26
381,2024-12-28,2025-02-07
382,2025-02-20,2024-06-23
383,2025-01-14,2024-08-06
384,2024-11-22,2025-02-15
385,2025-03-11,2024-06-15
386,2024-08-15,2024-08-25
387,2024-08-11,2025-01-29
388,2024-04-16,2024-12-19
389,2024-07-10,2024-04-26
390,2024-07-10,2024-10-07
391,2024-06-07,2025-02-19
392,2024-09-15,2025-01-21
393,2024-11-17,2025-02-05
394,2025-03-29,2025-02-24
395,2024-07-20,2024-06-20
396,2024-05-28,2025-03-27
397,2024-06-24,2024-08-18
398,2024-11-14,2025-01-25
399,2024-09-04,2024-07-22
400,2024-04-02,2025-01-04
